rate,pickT,dayInWeek,Pcount,tripT,tripDist,PickZone,DropZone,freezing,rain,snow,hour0,hour1,hour2,hour3,hour4,hour5,hour6,hour7,hour8,hour9,hour10,hour11,hour12,hour13,hour14,hour15,hour16,hour17,hour18,hour19,hour20,hour21,hour22,hour23,hour24,hour25,hour26,hour27,hour28,hour29,hour30,hour31,hour32,hour33,hour34,hour35,hour36,hour37,hour38,hour39,hour40,hour41,hour42,hour43,hour44,hour45,hour46,hour47,Pzone0,Pzone1,Pzone2,Pzone3,Pzone4,Pzone5,Pzone6,Dzone0,Dzone1,Dzone2,Dzone3,Dzone4,Dzone5,Dzone6,WD0,WD1,rate1,rate2,rate6,PCount1,PCount2,PCount3,PCount4,PCount5,PCount6
0.94587070716924171,13.303528299967608,0.48661592020657618,1.6681131495252159,440.6360294234313,2.2904527673387225,1.4582722008439883,1.5484264842280495,0.31039511704469763,0.20835091394995528,0.026397378098223657,0.15719704854575733,0.1455803809689683,0.12705721627242433,0.11278590125953016,0.10539000974915712,0.10100603509786227,0.089069551535939442,0.088709243384230918,0.079942281665971157,0.074241698420998384,0.064816752996219487,0.065849931483943427,0.082884604913796664,0.10939093807156401,0.13688846400438776,0.1582728078021429,0.16833156155131312,0.17408778616862949,0.16433358050818986,0.16387276604640419,0.16416363556016839,0.15443900612812755,0.15514220449392804,0.14895943274441714,0.14992214114682531,0.15575747555964214,0.15118742045518321,0.15373225029721418,0.1469791952401886,0.14610297959469393,0.14141241163950652,0.13722183345678096,0.14130833698067413,0.13006881272959939,0.13429933266504154,0.14406232798485044,0.15874062736235175,0.1648593760903424,0.17243918119504323,0.16845915705223516,0.16430992909517952,0.16024558012768172,0.15872051360674036,0.15930934353913007,0.16453339011973953,0.16028758967910539,0.16721410607314938,0.16314630111375633,0.44392399574083907,0.37816485393540133,0.41832907717689344,0.45155010980212579,0.021498002958113115,0.10108580293313396,0.18366629892899325,0.44981758894547796,0.36177042855281782,0.40756826045758981,0.45217743964982143,0.071809144948457276,0.13706444533183573,0.20093403498367443,0.48661592020657618,0.48661592020657618,0.19048487188043922,0.02350749928577979,0.18913743319276971,0.48283632348382088,0.33760683653544699,0.20907245621353032,0.14437527114904025,0.30482604317585293,0.25201444837263071
